<?xml version="1.0" encoding="UTF-8" standalone="no" ?>
<application xmlns="http://ns.adobe.com/air/application/3.2">
  <id>Sawatex</id>
  <versionNumber>1.0</versionNumber>
  <filename>TTG Costume Installer - Sawatex</filename>
  <description/>
<!-- To localize the description, use the following format for the description element.<description><text xml:lang="en">English App description goes here</text><text xml:lang="fr">French App description goes here</text><text xml:lang="ja">Japanese App description goes here</text></description>-->
  <name>TTG Costume Installer - Sawatex</name>
<!-- To localize the name, use the following format for the name element.<name><text xml:lang="en">English App name goes here</text><text xml:lang="fr">French App name goes here</text><text xml:lang="ja">Japanese App name goes here</text></name>-->
  <copyright/>
  <initialWindow>
    <content>install_fcs02.swf</content>
    <systemChrome>standard</systemChrome>
    <transparent>false</transparent>
    <visible>true</visible>
    <fullScreen>false</fullScreen>
    <aspectRatio>portrait</aspectRatio>
    <renderMode>auto</renderMode>
  </initialWindow>
  <icon>
    <image16x16>appIcon/iconCos16.png</image16x16>
    <image32x32>appIcon/iconCos32.png</image32x32>
    <image48x48>appIcon/iconCos48.png</image48x48>
    <image128x128>appIcon/iconCos128.png</image128x128>
  </icon>
  <customUpdateUI>false</customUpdateUI>
  <allowBrowserInvocation>false</allowBrowserInvocation>
  <supportedProfiles>desktop extendedDesktop </supportedProfiles>
</application>
